{"errors":[],"warnings":[],"namedChunkGroups":{"app":{"chunks":[12,3],"assets":["webpack-runtime-3a46a9fe4531939bc3c7.js","webpack-runtime-3a46a9fe4531939bc3c7.js.map","app-4adbc7fcaa6a205f10e1.js","app-4adbc7fcaa6a205f10e1.js.map"],"children":{},"childAssets":{}},"component---node-modules-gatsby-plugin-offline-app-shell-js":{"chunks":[4],"assets":["component---node-modules-gatsby-plugin-offline-app-shell-js-a1e19adfc2eacca41ac5.js","component---node-modules-gatsby-plugin-offline-app-shell-js-a1e19adfc2eacca41ac5.js.map"],"children":{},"childAssets":{}},"component---src-templates-blog-post-tsx":{"chunks":[0,2,1,10],"assets":["0.b6f197430f783b3e67aa.css","0-f28d1136d2c7f653bb51.js","0-f28d1136d2c7f653bb51.js.map","2-f3dc73b770a0e2449a49.js","2-f3dc73b770a0e2449a49.js.map","1.499773895a7a8ed98aa0.css","1-d429cd852c10591b8ca0.js","1-d429cd852c10591b8ca0.js.map","component---src-templates-blog-post-tsx-346683595726bc353c1b.js","component---src-templates-blog-post-tsx-346683595726bc353c1b.js.map"],"children":{},"childAssets":{}},"component---src-templates-tags-page-tsx":{"chunks":[0,2,1,11],"assets":["0.b6f197430f783b3e67aa.css","0-f28d1136d2c7f653bb51.js","0-f28d1136d2c7f653bb51.js.map","2-f3dc73b770a0e2449a49.js","2-f3dc73b770a0e2449a49.js.map","1.499773895a7a8ed98aa0.css","1-d429cd852c10591b8ca0.js","1-d429cd852c10591b8ca0.js.map","component---src-templates-tags-page-tsx-1dc717742019e7c863c6.js","component---src-templates-tags-page-tsx-1dc717742019e7c863c6.js.map"],"children":{},"childAssets":{}},"component---src-templates-blog-page-tsx":{"chunks":[0,2,1,9],"assets":["0.b6f197430f783b3e67aa.css","0-f28d1136d2c7f653bb51.js","0-f28d1136d2c7f653bb51.js.map","2-f3dc73b770a0e2449a49.js","2-f3dc73b770a0e2449a49.js.map","1.499773895a7a8ed98aa0.css","1-d429cd852c10591b8ca0.js","1-d429cd852c10591b8ca0.js.map","component---src-templates-blog-page-tsx-0832fd1568cb5af5b820.js","component---src-templates-blog-page-tsx-0832fd1568cb5af5b820.js.map"],"children":{},"childAssets":{}},"component---src-pages-404-tsx":{"chunks":[0,1,5],"assets":["0.b6f197430f783b3e67aa.css","0-f28d1136d2c7f653bb51.js","0-f28d1136d2c7f653bb51.js.map","1.499773895a7a8ed98aa0.css","1-d429cd852c10591b8ca0.js","1-d429cd852c10591b8ca0.js.map","component---src-pages-404-tsx-aabc716047393a577ad8.js","component---src-pages-404-tsx-aabc716047393a577ad8.js.map"],"children":{},"childAssets":{}},"component---src-pages-about-tsx":{"chunks":[0,1,6],"assets":["0.b6f197430f783b3e67aa.css","0-f28d1136d2c7f653bb51.js","0-f28d1136d2c7f653bb51.js.map","1.499773895a7a8ed98aa0.css","1-d429cd852c10591b8ca0.js","1-d429cd852c10591b8ca0.js.map","component---src-pages-about-tsx-3b8017c72da9e57f8795.js","component---src-pages-about-tsx-3b8017c72da9e57f8795.js.map"],"children":{},"childAssets":{}},"component---src-pages-blog-tsx":{"chunks":[0,2,1,7],"assets":["0.b6f197430f783b3e67aa.css","0-f28d1136d2c7f653bb51.js","0-f28d1136d2c7f653bb51.js.map","2-f3dc73b770a0e2449a49.js","2-f3dc73b770a0e2449a49.js.map","1.499773895a7a8ed98aa0.css","1-d429cd852c10591b8ca0.js","1-d429cd852c10591b8ca0.js.map","component---src-pages-blog-tsx-0f8d6f14be8ba59f78d2.js","component---src-pages-blog-tsx-0f8d6f14be8ba59f78d2.js.map"],"children":{},"childAssets":{}},"component---src-pages-index-tsx":{"chunks":[0,1,8],"assets":["0.b6f197430f783b3e67aa.css","0-f28d1136d2c7f653bb51.js","0-f28d1136d2c7f653bb51.js.map","1.499773895a7a8ed98aa0.css","1-d429cd852c10591b8ca0.js","1-d429cd852c10591b8ca0.js.map","component---src-pages-index-tsx-b6d4c49d5d1a0e1e281a.js","component---src-pages-index-tsx-b6d4c49d5d1a0e1e281a.js.map"],"children":{},"childAssets":{}}},"assetsByChunkName":{"app":["webpack-runtime-3a46a9fe4531939bc3c7.js","app-4adbc7fcaa6a205f10e1.js"],"component---node-modules-gatsby-plugin-offline-app-shell-js":["component---node-modules-gatsby-plugin-offline-app-shell-js-a1e19adfc2eacca41ac5.js"],"component---src-templates-blog-post-tsx":["0.b6f197430f783b3e67aa.css","0-f28d1136d2c7f653bb51.js","2-f3dc73b770a0e2449a49.js","1.499773895a7a8ed98aa0.css","1-d429cd852c10591b8ca0.js","component---src-templates-blog-post-tsx-346683595726bc353c1b.js"],"component---src-templates-tags-page-tsx":["0.b6f197430f783b3e67aa.css","0-f28d1136d2c7f653bb51.js","2-f3dc73b770a0e2449a49.js","1.499773895a7a8ed98aa0.css","1-d429cd852c10591b8ca0.js","component---src-templates-tags-page-tsx-1dc717742019e7c863c6.js"],"component---src-templates-blog-page-tsx":["0.b6f197430f783b3e67aa.css","0-f28d1136d2c7f653bb51.js","2-f3dc73b770a0e2449a49.js","1.499773895a7a8ed98aa0.css","1-d429cd852c10591b8ca0.js","component---src-templates-blog-page-tsx-0832fd1568cb5af5b820.js"],"component---src-pages-404-tsx":["0.b6f197430f783b3e67aa.css","0-f28d1136d2c7f653bb51.js","1.499773895a7a8ed98aa0.css","1-d429cd852c10591b8ca0.js","component---src-pages-404-tsx-aabc716047393a577ad8.js"],"component---src-pages-about-tsx":["0.b6f197430f783b3e67aa.css","0-f28d1136d2c7f653bb51.js","1.499773895a7a8ed98aa0.css","1-d429cd852c10591b8ca0.js","component---src-pages-about-tsx-3b8017c72da9e57f8795.js"],"component---src-pages-blog-tsx":["0.b6f197430f783b3e67aa.css","0-f28d1136d2c7f653bb51.js","2-f3dc73b770a0e2449a49.js","1.499773895a7a8ed98aa0.css","1-d429cd852c10591b8ca0.js","component---src-pages-blog-tsx-0f8d6f14be8ba59f78d2.js"],"component---src-pages-index-tsx":["0.b6f197430f783b3e67aa.css","0-f28d1136d2c7f653bb51.js","1.499773895a7a8ed98aa0.css","1-d429cd852c10591b8ca0.js","component---src-pages-index-tsx-b6d4c49d5d1a0e1e281a.js"]}}